{
  "k_fold": 5,
  "MAE_mean": 0.21090084614068605,
  "MAE_std": 0.038376070530377344,
  "RMSE_mean": 0.27288166971962685,
  "RMSE_std": 0.055069469097313875,
  "MAE_per_fold": [
    0.239548138987769,
    0.19772841366617505,
    0.14962574708455492,
    0.26178278892131807,
    0.20581914204361323
  ],
  "RMSE_per_fold": [
    0.35041044535894006,
    0.23782490225029437,
    0.19917463641928984,
    0.3201456985258247,
    0.25685266604378537
  ]
}